,GPT-Zero-Hint,GPT-Problem-Hint,GPT-Benchmark-Hint,GPT-Hybrid-Hint,GEMINI-Zero-Hint,GEMINI-Problem-Hint,GEMINI-Benchmark-Hint,GEMINI-Hybrid-Hint
GPT-Zero-Hint,,0.73174386055202,0.0010374881886704623,0.848790694957265,0.5353588822250912,0.03289726120675439,0.08039821421065747,0.0005695213505996802
GPT-Problem-Hint,0.73174386055202,,0.0018011565621236254,0.4724203043011572,0.14705372619324233,0.00014154622332133304,0.08677669507852924,3.956101711926894e-11
GPT-Benchmark-Hint,0.0010374881886704623,0.0018011565621236254,,0.0213235090133197,0.03748732007621891,0.0019609009627774682,2.6721677871388965e-05,2.4760196139789996e-07
GPT-Hybrid-Hint,0.848790694957265,0.4724203043011572,0.0213235090133197,,0.09252380617654865,0.006180244400755363,0.09752306345277495,1.809902748152244e-09
GEMINI-Zero-Hint,0.5353588822250912,0.14705372619324233,0.03748732007621891,0.09252380617654865,,0.023200745931449673,0.046918905919418295,4.1948640400387605e-06
GEMINI-Problem-Hint,0.03289726120675439,0.00014154622332133304,0.0019609009627774682,0.006180244400755363,0.023200745931449673,,0.35639608444569615,2.2053055223903308e-05
GEMINI-Benchmark-Hint,0.08039821421065747,0.08677669507852924,2.6721677871388965e-05,0.09752306345277495,0.046918905919418295,0.35639608444569615,,0.0011543404229514018
GEMINI-Hybrid-Hint,0.0005695213505996802,3.956101711926894e-11,2.4760196139789996e-07,1.809902748152244e-09,4.1948640400387605e-06,2.2053055223903308e-05,0.0011543404229514018,
